id;appointment_id;service_provider;service_user;date;from_time;to_time;status
1;81773;Checking Account;tangible;2020-03-08;2020-03-08T19:51:55;2020-03-08T08:24:35;auxiliary Auto Loan Account Kids
2;47221;Buckinghamshire Principal;Buckinghamshire;2020-03-08;2020-03-09T01:25:11;2020-03-08T13:28:21;Agent Accountability
3;79485;Open-architected Nevada circuit;Zambian Kwacha card;2020-03-08;2020-03-08T09:26:13;2020-03-08T09:25:45;Indiana
4;31970;copy orchid web-readiness;Berkshire;2020-03-09;2020-03-09T03:36:28;2020-03-09T01:56:28;Quality-focused
5;23174;Shoes transform Global;e-business hack Wooden;2020-03-08;2020-03-08T17:59:07;2020-03-08T12:06:35;capacity Kansas Optimization
6;16146;bluetooth bandwidth;New Mexico;2020-03-08;2020-03-08T22:26:34;2020-03-08T16:42:38;client-server
7;59945;South Dakota compelling;transmit archive Senior;2020-03-08;2020-03-09T04:07:54;2020-03-08T17:03:46;Unbranded matrices
8;58922;North Dakota;Poland;2020-03-08;2020-03-08T06:48:30;2020-03-08T18:49:04;Producer Maryland blue
9;97214;multi-byte HDD web-readiness;Guadeloupe Movies;2020-03-09;2020-03-08T06:22:28;2020-03-08T17:44:43;olive
10;1535;Assimilated Bedfordshire;deposit;2020-03-08;2020-03-08T05:36:46;2020-03-08T12:37:17;Cape Verde Unions Applications
